id,code,name,brand,category,issue,sourceUrl
501,SS945,"SS945 - SILICONE CHUYÊN DÙNG ĐỂ BÔI TRƠN CHỈ MAY, KHUNG IN, BẢNG IN, MÁY CẮT VẢI, CHI TIẾT MÁY MÓC VÀ CÁC LOẠI MÁY CẮT GIẤY",Sprayway Singapore,Vật tư ngành may,name_too_long,https://sprayway-tpr.com/vn/san-pham/501/ss945.html
502,,PULL OUT 2 - CHAI XỊT TẨY VẾT DẦU TRÊN VẢI,ANC,Vật tư ngành may,missing_code,https://sprayway-tpr.com/vn/san-pham/502/pull-out-2-chai-xit-tay-vet-dau-tren-vai.html
503,,PULL OUT PREMIUM - CHAI XỊT TẨY VẾT DẦU TRÊN VẢI,ANC,Vật tư ngành may,missing_code,https://sprayway-tpr.com/vn/san-pham/503/pull-out-premium---chai-xit-tay-vet-dau-tren-vai.html
513,222,Máy Tẩy Vết Bẩn Rarosa RS - 222,Rarosa,Vật tư ngành may,weak_description,https://sprayway-tpr.com/vn/san-pham/513/may-tay-vet-ban-rarosa-rs222.html
514,,Súng Tẩy ECORZA S1,Rarosa,Vật tư ngành may,missing_code,https://sprayway-tpr.com/vn/san-pham/514/sung-tay-ecorza-s1.html
515,,"DUNG DỊCH R1,R2,R3,R4",Rarosa,Vật tư ngành may,missing_code,"https://sprayway-tpr.com/vn/san-pham/515/dung-moi-r1,r2,r3,r4.html"
516,,DUNG DỊCH AK35,Rarosa,Vật tư ngành may,missing_code,https://sprayway-tpr.com/vn/san-pham/516/dung-moi-ak35.html
517,,Súng Tẩy Siêu Thanh RC15,Rarosa,Vật tư ngành may,missing_code,https://sprayway-tpr.com/vn/san-pham/517/sung-tay-sieu-thanh-rc15.html
526,,ANC31 CHAI XỊT TẨY ĐA NĂNG,ANC,Gia dụng và nội thất,missing_code,https://sprayway-tpr.com/vn/san-pham/526/anc31-chai-xit-tay-da-nang.html
527,945,"ANC945 Bôi trơn khung in, bảng in, máy cắt vải, chi tiết máy móc và các loại máy cắt giấy",ANC,Vật tư ngành may,name_too_long,"https://sprayway-tpr.com/vn/san-pham/527/anc945-boi-tron-khung-in,-bang-in,-may-cat-vai,-chi-tiet-may-moc-va-cac-loai-may-cat-giay.html"
528,,ANC77 DẦU SILICONE BÔI TRƠN DẠNG ƯỚT,ANC,Vật tư ngành may,missing_code,https://sprayway-tpr.com/vn/san-pham/528/anc77-dau-silicone-boi-tron-dang-uot.html
529,,"ANCRD90 Chai xịt bôi trơn, chống rỉ cho máy móc và kim loại",ANC,Vật tư ngành may,missing_code,"https://sprayway-tpr.com/vn/san-pham/529/ancrd90-chai-xit-boi-tron,-chong-ri-cho-may-moc-va-kim-loai-.html"
530,,ANC99 Keo Xịt Đa Năng,ANC,Vật tư ngành may,missing_code,https://sprayway-tpr.com/vn/san-pham/530/anc99-keo-xit-da-nang.html
531,,ANC88 KEO XỊT ĐA NĂNG,ANC,Vật tư ngành may,missing_code,https://sprayway-tpr.com/vn/san-pham/531/anc88-keo-xit-da-nang.html
532,,ANC84 KEO XỊT ĐỊNH VỊ VẢI KHI IN LỤA (chịu nhiệt cao),ANC,Vật tư ngành may,missing_code,https://sprayway-tpr.com/vn/san-pham/532/anc84-keo-xit-dinh-vi-vai-khi-in-lua-(chieu-nhiet-cao).html
533,,ANC82 KEO XỊT DẠNG PHUN SƯƠNG DÙNG TRONG IN VẢI,ANC,Vật tư ngành may,missing_code,https://sprayway-tpr.com/vn/san-pham/533/anc82-keo-xit-dang-phun-suong-dung-trong-in-vai.html
534,,ANC66 KEO XỊT DẠNG PHUN SƯƠNG,ANC,Vật tư ngành may,missing_code,https://sprayway-tpr.com/vn/san-pham/534/anc66-keo-xit-dang-phun-suong.html
535,,"ANC63 Chai xịt tẩy rửa các chất dầu mỡ, keo dán",ANC,Vật tư ngành may,missing_code,"https://sprayway-tpr.com/vn/san-pham/535/anc63-chai-xit-tay-rua-cac-chat-dau-mo,-keo-dan-.html"
536,,ANC823 Chai xịt tẩy băng chuyền máy ép cổ áo,ANC,Vật tư ngành may,missing_code,https://sprayway-tpr.com/vn/san-pham/536/anc823-chai-xit-tay-bang-chuyen-may-ep-co-ao.html
537,,ANC821 KEO XỊT CHỐNG TƯA MÉP VẢI,ANC,Vật tư ngành may,missing_code,https://sprayway-tpr.com/vn/san-pham/537/anc821-keo-xit-chong-tua-mep-vai.html
540,,Ổ CHAO CERLIANI,Cerliani,Ổ chao,missing_code,https://sprayway-tpr.com/vn/san-pham/540/o-chao-cerliani.html
541,,PHẤN MAY,Thương Hiệu,Phấn may,missing_code,https://sprayway-tpr.com/vn/san-pham/541/phan-may.html
541,,PHẤN MAY,Thương Hiệu,Phấn may,weak_description,https://sprayway-tpr.com/vn/san-pham/541/phan-may.html
548,,Kéo cắt 17cm LDH - X3,LDH,Vật tư ngành may,missing_code,https://sprayway-tpr.com/vn/san-pham/548/keo-cat-17cm-ldh-x3.html
556,,PHẤN MAY VAPORIZABLE,Rabbitchalk,Phấn may,missing_code,https://sprayway-tpr.com/vn/san-pham/556/rabbitchalk-vaporizable.html
556,,PHẤN MAY VAPORIZABLE,Rabbitchalk,Phấn may,missing_code,https://sprayway-tpr.com/vn/san-pham/556/PH%E1%BA%A4N%20MAY%20VAPORIZABLE.html
557,,PHẤN MAY DẠNG VIẾT,Rabbitchalk,Phấn may,missing_code,https://sprayway-tpr.com/vn/san-pham/557/PH%E1%BA%A4N%20MAY%20D%E1%BA%A0NG%20VI%E1%BA%BET.html
558,,PHẤN MAY PARAFFIN,Rabbitchalk,Phấn may,missing_code,https://sprayway-tpr.com/vn/san-pham/558/PH%E1%BA%A4N%20MAY%20PARAFFIN.html
559,,PHẤN MAY DẠNG BỘT,Rabbitchalk,Phấn may,missing_code,https://sprayway-tpr.com/vn/san-pham/559/PH%E1%BA%A4N%20MAY%20D%E1%BA%A0NG%20B%E1%BB%98T.html
560,,Rarosa R1,Rarosa,Vật tư ngành may,missing_code,https://sprayway-tpr.com/vn/san-pham/560/rarosa-r1.html
561,,Rarosa R2,Rarosa,Vật tư ngành may,missing_code,https://sprayway-tpr.com/vn/san-pham/561/rarosa-r2.html
562,,Rarosa R3,Rarosa,Vật tư ngành may,missing_code,https://sprayway-tpr.com/vn/san-pham/562/rarosa-r3.html
563,,Rarosa R4,Rarosa,Vật tư ngành may,missing_code,https://sprayway-tpr.com/vn/san-pham/563/rarosa-r4.html
569,TPR-1088,MÁY CẮT CHỈ THÔNG MINH TPR - 1088,TPR,Keo xịt và hóa chất TPR,category_may_be_product_name,https://sprayway-tpr.com/vn/san-pham/569/chaixitustpr031.html
571,TPR-1088,MÁY CẮT CHỈ THÔNG MINH TPR - 1088,TPR,Keo xịt và hóa chất TPR,category_may_be_product_name,https://sprayway-tpr.com/vn/san-pham/571/chaixitus833.html
573,TPR-1088,MÁY CẮT CHỈ THÔNG MINH TPR - 1088,Sprayway,Bình xịt công nghiệp Sprayway,category_may_be_product_name,https://sprayway-tpr.com/vn/san-pham/573/chaixit292.html
574,TPR-1088,MÁY CẮT CHỈ THÔNG MINH TPR - 1088,Sprayway,Bình xịt công nghiệp Sprayway,category_may_be_product_name,https://sprayway-tpr.com/vn/san-pham/574/binh-xit-ve-sinh-lam-sach-bo-mach-dien-sprayway-293.html
576,,Kéo bấm chỉ LDH 211XL,LDH,Vật tư ngành may,missing_code,https://sprayway-tpr.com/vn/san-pham/576/ldh211xl.html
577,TPR-1088,MÁY CẮT CHỈ THÔNG MINH TPR - 1088,TPR,Keo xịt và hóa chất TPR,category_may_be_product_name,https://sprayway-tpr.com/vn/san-pham/577/LDH%20XS%20195.html
578,TPR-1088,MÁY CẮT CHỈ THÔNG MINH TPR - 1088,Sprayway,Bình xịt công nghiệp Sprayway,category_may_be_product_name,https://sprayway-tpr.com/vn/san-pham/578/chaixit991.html
579,,Kéo cắt may chống gỉ chất lượng cao LDH S9,LDH,Vật tư ngành may,missing_code,https://sprayway-tpr.com/vn/san-pham/579/keoldhs9.html
583,,Ổ MÁY MAY MẪU 1.6 LẦN SMH - 1.6FLTR(D),Sanme,Ổ chao,missing_code,https://sprayway-tpr.com/vn/san-pham/583/o-chao-sanme-smh-1-6fltrd.html
584,,Ổ MÁY 1 KIM ĐIỆN TỬ CHO MÁY LẬP TRÌNH CHO VẢI MỎNG SMH - 6 - 5TR(D),Sanme,Vật tư ngành may,missing_code,https://sprayway-tpr.com/vn/san-pham/584/ochao-sanme-6-5trd.html
585,,Ổ CHAO SANME SMH - 6 - 7TR,Sanme,Ổ chao,missing_code,https://sprayway-tpr.com/vn/san-pham/585/ochao-sanme-smh6-7tr.html
586,,Ổ MÁY 1 KIM ĐIỆN TỬ CẮT CHỈ TỰ ĐỘNG SMH - 7.94BTR,Sanme,Vật tư ngành may,missing_code,https://sprayway-tpr.com/vn/san-pham/586/o-chao-sanme-7-94btr.html
587,,Ổ MÁY 1 KIM ĐIỆN TỬ CHO MÁY LẬP TRÌNH CHO VẢI DÀY SMH - ATR(1Q) 6 - 7TR,Sanme,Vật tư ngành may,missing_code,https://sprayway-tpr.com/vn/san-pham/587/ochao-sanme-smh-atr-6-7tr.html
590,3268I,MÁY CẮT CHỈ JS - 3268I,JS,Vật tư ngành may,weak_description,https://sprayway-tpr.com/vn/san-pham/590/may-cat-chi-js-3268i.html
595,120,SÚNG BẮN TẨY SF - 120,CX ADA,Tẩy vết bẩn ngành may,weak_description,https://sprayway-tpr.com/vn/san-pham/595/sung-ban-tay-sf-120.html
598,,Ổ MÁY 1 KIM ĐIỆN TỬ CHO MÁY LẬP TRÌNH CHO VẢI DÀY SMH - 6 - 7TR(D),Sanme,Vật tư ngành may,missing_code,https://sprayway-tpr.com/vn/san-pham/598/o-chao-sanme-smh-6-7trd.html
599,,Ổ MÁY KIM ĐIỆN TỬ CẮT CHỈ TỰ ĐỘNG SMH - 7.94BTR(D),Sanme,Vật tư ngành may,missing_code,https://sprayway-tpr.com/vn/san-pham/599/ochao-sanme-7-94btrd.html
